,test_err,train_err
0,0.11412428503276331,0.11276365078495933
