,test_err,train_err
0,0.11278869897521267,0.11205033375399209
