,test_err,train_err
0,0.11743648510996388,0.11730801616118396
