,test_err,train_err
0,0.129930399019553,0.12783047775386483
