,test_err,train_err
0,0.12248491044862601,0.12270873652695125
