,test_err,train_err
0,0.08565485791150364,0.08829374638912448
