,test_err,train_err
0,0.1509632565824634,0.15125738435251912
