,test_err,train_err
0,0.12006580096153752,0.12020705594500365
