,test_err,train_err
0,0.07869124539937215,0.07823749172928418
