,test_err,train_err
0,0.07813961591554375,0.07794469182433086
