,test_err,train_err
0,0.12495967530224698,0.10366925264317049
