,test_err,train_err
0,0.06161690606120456,0.08258192806470473
