,test_err,train_err
0,0.10930324411850566,0.1139221628476938
