,test_err,train_err
0,0.11944468109856245,0.10977596603139513
