,test_err,train_err
0,0.17189202932344938,0.16363432696177507
