,test_err,train_err
0,0.12464449114561343,0.13662209505698553
