,test_err,train_err
0,0.0536985458995406,0.06163071866174939
