,test_err,train_err
0,0.13058920612725924,0.13185662023902514
