,test_err,train_err
0,0.17816248885092761,0.17791456190559843
