,test_err,train_err
0,0.12142578661327831,0.12749047829734503
