,test_err,train_err
0,0.008563351921366237,0.015746506594370796
