,test_err,train_err
0,0.015000192122922019,0.015549492637415167
