,test_err,train_err
0,0.00456020058530925,2.748127378645277e-05
