,test_err,train_err
0,0.022015635272277734,0.019553130804297464
