,test_err,train_err
0,0.011202792871759484,0.0005066456125742681
