,test_err,train_err
0,0.03827269460608438,0.026978763269942498
