,test_err,train_err
0,0.0181721769520265,0.007296508366542931
