,test_err,train_err
0,0.00489329980380802,0.023704808204602097
