,test_err,train_err
0,0.00048785419353986927,0.005983638464511768
