,test_err,train_err
0,0.007675133732292488,0.006315368390393166
