,test_err,train_err
0,0.20528085417400585,0.01775820687908256
