,test_err,train_err
0,0.19175523340416578,0.04780336661101585
