,test_err,train_err
0,0.21651938829598294,0.05708475363484301
