,test_err,train_err
0,0.19230961898976753,0.04909134282105888
