,test_err,train_err
0,0.21659086835487076,0.04643254442204379
