,test_err,train_err
0,0.18050340450830332,0.06393992201072662
