,test_err,train_err
0,0.20809083673274245,0.058036696223327286
