,test_err,train_err
0,0.19025481021669974,0.05140977272389502
