,test_err,train_err
0,0.17772425434834727,0.06683208931934921
