,test_err,train_err
0,0.19861831849001826,0.09475244884753865
