,test_err,train_err
0,0.1641168496653269,0.17439716821313442
