,test_err,train_err
0,0.17121703376647127,0.17486199939013844
