,test_err,train_err
0,0.1703794754233305,0.17047715528254453
