,test_err,train_err
0,0.1620060219601682,0.17105637987284406
