,test_err,train_err
0,0.16597339890648544,0.1714448428678602
