,test_err,train_err
0,0.17039827454203454,0.17741168893419454
