,test_err,train_err
0,0.19300040077392341,0.17981812817456577
