,test_err,train_err
0,0.16158547849698676,0.17166819415736126
