,test_err,train_err
0,0.1659414512685275,0.1681513186226247
