,test_err,train_err
0,0.1668833149144507,0.16190641214208365
