,test_err,train_err
0,0.2694641646489861,0.270499379067517
