,test_err,train_err
0,0.2355799239095823,0.23028449031192333
