,test_err,train_err
0,0.2525578570445571,0.2491848135940233
