,test_err,train_err
0,0.26761697042731164,0.26762639239954017
