,test_err,train_err
0,0.2761999757207651,0.2791702305092189
