,test_err,train_err
0,0.22850167311961145,0.2289336631905566
