,test_err,train_err
0,0.24180373843121092,0.24449597843917995
