,test_err,train_err
0,0.2422885407583102,0.2347361838872912
