,test_err,train_err
0,0.2434516010670399,0.24209682889090475
