,test_err,train_err
0,0.2587084700663105,0.26165311878967873
