,test_err,train_err
0,0.1794551860725776,0.1355844552890534
