,test_err,train_err
0,0.17829309171574237,0.1252151680824924
