,test_err,train_err
0,0.21729479520773315,0.1207468214014179
