,test_err,train_err
0,0.21694857416441088,0.09762522233089134
