,test_err,train_err
0,0.1712184198067823,0.1335874259618142
