,test_err,train_err
0,0.2063656682990813,0.11812226578299784
