,test_err,train_err
0,0.24938289330923014,0.12175402024911443
