,test_err,train_err
0,0.28189679756768354,0.16424661221624628
