,test_err,train_err
0,0.20540562723570807,0.13987091235387497
