,test_err,train_err
0,0.19930152956826078,0.11279116356135616
