,test_err,train_err
0,0.02724863319415811,0.024134357075342013
