,test_err,train_err
0,0.017669017574782644,0.021936962849446136
