,test_err,train_err
0,0.015247149885009746,0.015315515239768162
