,test_err,train_err
0,0.02748252699528247,0.02854117427781549
