,test_err,train_err
0,0.026061624781003212,0.023428269551226556
