,test_err,train_err
0,0.029978828046120416,0.030388755471202775
