,test_err,train_err
0,0.017734810764316922,0.016197669320736532
