,test_err,train_err
0,0.025607668178869353,0.027264839132719293
