,test_err,train_err
0,0.028664754044432684,0.02988128651072764
