,test_err,train_err
0,0.027160534740714996,0.0281615994538696
