,test_err,train_err
0,0.17106559182712147,0.16920939073005953
