,test_err,train_err
0,0.2225349341628551,0.1418973438466471
