,test_err,train_err
0,0.24329578195020607,0.16935468753193245
