,test_err,train_err
0,0.19894337785594132,0.14215043559012125
