,test_err,train_err
0,0.14634526669174439,0.14506700464972683
