,test_err,train_err
0,0.21848333879386755,0.17084828781173808
