,test_err,train_err
0,0.19134586015203833,0.1641596561645357
