,test_err,train_err
0,0.1961907074102694,0.15689544558638815
