,test_err,train_err
0,0.1942267259291156,0.17066786985390078
