,test_err,train_err
0,0.13746130801057158,0.14476363588996946
