,test_err,train_err
0,0.1582481584018871,0.15467063579404913
