,test_err,train_err
0,0.3188762038895096,0.1428758865639349
