,test_err,train_err
0,0.1714976190065867,0.1551757468607614
