,test_err,train_err
0,0.125246664708239,0.14785153480716712
