,test_err,train_err
0,0.2511628287960302,0.143182785331409
