,test_err,train_err
0,0.16035914531000992,0.15451400255046627
