,test_err,train_err
0,0.311033181420346,0.15420758657947284
