,test_err,train_err
0,0.12932895708286993,0.14645706695861455
