,test_err,train_err
0,0.16267378142369932,0.15434653760942563
