,test_err,train_err
0,0.15307372962816068,0.13632745910221747
