,test_err,train_err
0,0.25777515001684215,0.25578869772900803
