,test_err,train_err
0,0.2508731963568502,0.2500289460682612
