,test_err,train_err
0,0.2889602501149419,0.2879198082601507
