,test_err,train_err
0,0.261477136575272,0.2595641209865238
