,test_err,train_err
0,0.2920285816451656,0.29216315499653805
