,test_err,train_err
0,0.3132863044591014,0.31144914171943006
