,test_err,train_err
0,0.266768184078099,0.25846056764268066
