,test_err,train_err
0,0.27966180158103304,0.2786930552049809
