,test_err,train_err
0,0.28629688697299804,0.28645761475122977
