,test_err,train_err
0,0.2230675901977345,0.2204912820571445
