,test_err,train_err
0,0.04432364835580276,0.03921001865308079
