,test_err,train_err
0,0.014670518886189716,0.015035418025919851
