,test_err,train_err
0,0.032344502373184106,0.0343013769376756
