,test_err,train_err
0,0.04209464228841918,0.04324308074024622
