,test_err,train_err
0,0.023273183950247082,0.02295435850326813
