,test_err,train_err
0,0.01478897495180392,0.014945074716838796
