,test_err,train_err
0,0.020251878008462024,0.019784189833876736
