,test_err,train_err
0,0.017415957028465844,0.018637586328033303
