,test_err,train_err
0,0.013493235163202355,0.016669176292513986
