,test_err,train_err
0,0.0276063329369024,0.027198968361457937
