,test_err,train_err
0,0.08446029346982174,0.1024234465076034
