,test_err,train_err
0,0.0708267622997202,0.10401951766242305
