,test_err,train_err
0,0.08233037675638438,0.11891503921050409
