,test_err,train_err
0,0.1717087831698006,0.11285126950735758
