,test_err,train_err
0,0.09980346961863212,0.12241939289133022
