,test_err,train_err
0,0.11079492042285437,0.11731789696840729
