,test_err,train_err
0,0.11567806448039607,0.12400478710358663
