,test_err,train_err
0,0.14105052569948387,0.1120621444968688
