,test_err,train_err
0,0.09526848320742459,0.09074325821351255
