,test_err,train_err
0,0.10077931224023103,0.09500107731739528
