,test_err,train_err
0,0.16158030454371086,0.1546608950996994
