,test_err,train_err
0,0.3201024666453824,0.31584842644418953
