,test_err,train_err
0,0.27525256127548026,0.2723617538618678
