,test_err,train_err
0,0.2967404452777768,0.29739561881806725
