,test_err,train_err
0,0.12273672723489885,0.11899626979182339
