,test_err,train_err
0,0.8294572951633999,0.10256201311196997
