,test_err,train_err
0,0.9953427687793784,0.0980914567271823
