,test_err,train_err
0,0.871238111423299,0.038937673956843964
