,test_err,train_err
0,0.9053324439457577,0.07932259062960424
