,test_err,train_err
0,0.8004744987998091,0.0921305770233115
