,test_err,train_err
0,0.7225472577433407,0.10741278827249597
