,test_err,train_err
0,1.2286050330122862,0.07790163275786934
