,test_err,train_err
0,0.8966108954210117,0.07448125158824385
