,test_err,train_err
0,0.9754008083262238,0.08130480507279249
