,test_err,train_err
0,0.7482757145363829,0.10641129873789318
