,test_err,train_err
0,0.238670567392,0.242552574032
