,test_err,train_err
0,0.26847955088,0.266841898044
