,test_err,train_err
0,0.255320694131,0.253682020493
