,test_err,train_err
0,0.226787133042,0.227807421166
