,test_err,train_err
0,0.2288346417,0.224291967119
