,test_err,train_err
0,0.269501594578,0.271006456593
