,test_err,train_err
0,0.241945065564,0.239766556756
