,avg_test_err,avg_train_err,conv_test_err,conv_train_err,std_test_err,std_train_err 
0,0.054481569173584724,0.05025187854612119,0.4,0.4,0.014049187065746026,0.015863537715798494
