,avg_test_err,avg_train_err,conv_test_err,conv_train_err,std_test_err,std_train_err 
0,0.1072700991364749,0.1099757829878989,0.6,0.4,0.028440979075257517,0.010884582456609372
