,avg_test_err,avg_train_err,conv_test_err,conv_train_err,std_test_err,std_train_err 
0,0.19415002696673384,0.1489609242157518,0.7,0.5,0.06858579348607897,0.006293749775629943
