,avg_test_err,avg_train_err,conv_test_err,conv_train_err,std_test_err,std_train_err 
0,0.08720095716275386,0.12193051226217069,0.4,0.5,0.005817024818064413,0.0031359105809683012
