,avg_test_err,avg_train_err,conv_test_err,conv_train_err,std_test_err,std_train_err 
0,0.10490342912351999,0.10468173097195,0.6,0.6,0.020913287162970817,0.021137081681670125
