,avg_test_err,avg_train_err,std_test_err,std_train_err 
0,0.006005832852607083,0.006079386990171624,0.008816893210298472,0.009506020621303766
