,test_err,train_err
0,0.13535665582890513,0.09505007784895082
