,test_err,train_err
0,0.16609178992698792,0.12359092019375788
