,test_err,train_err
0,0.13641012613403192,0.12871289655288484
