,test_err,train_err
0,0.15355658221062451,0.1307625445111448
