,test_err,train_err
0,0.14795607896339655,0.04681397376039717
