,test_err,train_err
0,0.13881564524657533,0.1341554524170687
