,test_err,train_err
0,0.14892577656180073,0.12329076207580153
