,test_err,train_err
0,0.14657115746190139,0.08405054133340736
