,test_err,train_err
0,0.1334801048723992,0.12075425584881297
