,test_err,train_err
0,0.1308301746697391,0.10229268444380421
