,test_err,train_err
0,0.22448870221410125,0.13562284026768176
