,test_err,train_err
0,0.15433814928746986,0.1549059029276783
