,test_err,train_err
0,0.1543187210142504,0.15293504354753804
