,test_err,train_err
0,0.17314647125693008,0.1416410630592574
