,test_err,train_err
0,0.1480033818581012,0.1537969039837077
