,test_err,train_err
0,0.549636646227445,0.13443198303085724
