,test_err,train_err
0,0.18252763738280778,0.15319061040075543
