,test_err,train_err
0,0.27699526774055566,0.1375710472447973
