,test_err,train_err
0,0.23259679021427732,0.11380537388758885
