,test_err,train_err
0,0.27381344697873256,0.12622475726868365
