,test_err,train_err
0,0.11785008791711687,0.09537409190551824
