,test_err,train_err
0,0.2605974011638185,0.06721222046383507
