,test_err,train_err
0,0.11398540502689468,0.07797822568440421
