,test_err,train_err
0,0.08146220269710897,0.06976294009501514
