,test_err,train_err
0,0.12318040688559248,0.043994247915331845
