,test_err,train_err
0,0.09458952137837501,0.12151566049585036
