,test_err,train_err
0,0.11988300545277931,0.06389244646558812
