,test_err,train_err
0,0.25150219969779614,0.05135968640608016
