,test_err,train_err
0,0.16174958844531043,0.05598116293396532
