,test_err,train_err
0,0.3705500952876225,0.04202443243129933
