,test_err,train_err
0,0.18407665307083698,0.029154686713762708
