,test_err,train_err
0,0.15510559058798548,0.14497382346908477
