,test_err,train_err
0,0.14573337677760156,0.07687607269049099
