,test_err,train_err
0,0.13860496797535457,0.06365945065956877
