,test_err,train_err
0,0.12524594021770083,0.06101186800768529
