,test_err,train_err
0,0.42242778305583983,0.04754579376336332
