,test_err,train_err
0,0.10261656796544277,0.11262375248203338
