,test_err,train_err
0,0.19928711990520884,0.06410018154545731
