,test_err,train_err
0,0.2567437684938182,0.09959464243008564
