,test_err,train_err
0,0.20979422847940102,0.033117928306639455
