,test_err,train_err
0,0.12707514819448715,0.09681574064429148
