,test_err,train_err
0,0.25864816811766667,0.16550486792418292
