,test_err,train_err
0,0.16666600462324552,0.032088956507027415
