,test_err,train_err
0,0.1318974330690531,0.055161305512956116
