,test_err,train_err
0,0.1665720129352015,0.06442089136224305
