,test_err,train_err
0,0.15929200605589472,0.06302744020555923
