,test_err,train_err
0,0.12085376481698859,0.050329804924647385
