,test_err,train_err
0,0.23898671401703792,0.14798207387906281
