,test_err,train_err
0,0.11436727152391189,0.1073275728235304
