,test_err,train_err
0,0.10239083021025303,0.07499007309784125
