,test_err,train_err
0,0.08225718453873987,0.1158731390104009
