,test_err,train_err
0,0.0759394910733594,0.12522449341297962
