,test_err,train_err
0,0.09178189453163124,0.12223434439589745
