,test_err,train_err
0,0.08815954633883337,0.12382522613709127
