,test_err,train_err
0,0.0892051443089429,0.12624621873439765
