,test_err,train_err
0,0.08459010923504624,0.11812522973845481
