,test_err,train_err
0,0.08066332339029039,0.12081472212894037
