,test_err,train_err
0,0.09116104271845252,0.12094803492393813
