,test_err,train_err
0,0.09397424938932472,0.1208294467409106
