,test_err,train_err
0,0.09427758610291807,0.12518426739869612
