,avg_test_err,avg_train_err,conv_test_err,conv_train_err,std_test_err,std_train_err 
0,0.247077035327,0.246564127743,0.571428571429,0.571428571429,0.0163460668788,0.016773459138
