,avg_test_err,avg_train_err,conv_test_err,conv_train_err,std_test_err,std_train_err 
0,0.221483731655,0.2206233933,0.666666666667,0.666666666667,0.0367149349084,0.038235558031
