,test_err,train_err
0,0.04732332043876657,0.05725408089678643
