,test_err,train_err
0,0.045818561598328165,0.05436930593098847
