,test_err,train_err
0,0.04617643312310709,0.042500948225329224
