,test_err,train_err
0,0.048434065249202685,0.06426442314203278
