,test_err,train_err
0,0.054342210713427805,0.07046919626324485
