,test_err,train_err
0,0.045401567434431564,0.05464772084316093
