,test_err,train_err
0,0.04599308596185062,0.04264646790062806
