,test_err,train_err
0,0.04556866810895198,0.028379805610566543
