,test_err,train_err
0,0.19636457415274938,0.18283459713807437
