,test_err,train_err
0,0.0456129084160639,0.05538724564537619
