,test_err,train_err
0,0.08426390657144635,0.12985178788549612
