,test_err,train_err
0,0.08434363543625019,0.12761742384318303
