,test_err,train_err
0,0.06303024814295179,0.12424551138905889
