,test_err,train_err
0,0.11300018507393145,0.12931728655964697
