,test_err,train_err
0,0.07146446040775571,0.12412925007555511
