,test_err,train_err
0,0.09996640667372764,0.11733432030145746
