,test_err,train_err
0,0.08094153165965644,0.12518411512656455
