,test_err,train_err
0,0.09008180600997982,0.12069912568448776
