,test_err,train_err
0,0.09018134970210161,0.11461446528364615
