,test_err,train_err
0,0.06446632317451038,0.12229739010239665
