,test_err,train_err
0,0.12216013760268805,0.11903920753937017
