,test_err,train_err
0,0.1210846142542467,0.12159433634184463
