,test_err,train_err
0,0.12583698247182562,0.12501800730719914
