,test_err,train_err
0,0.11995144193024819,0.12028527443973128
