,test_err,train_err
0,0.13322171915463915,0.13232737302585046
