,test_err,train_err
0,0.12794184041902032,0.1285305054084882
