,test_err,train_err
0,0.12239744716890723,0.1245364917016789
