,test_err,train_err
0,0.11495599614751113,0.11394336957942797
