,test_err,train_err
0,0.11439947179596847,0.11333238947309843
