,test_err,train_err
0,0.12550813517517026,0.12560138725113704
