,test_err,train_err
0,0.06886123244077856,0.0674789639024352
