,test_err,train_err
0,0.06223535670580992,0.061356556915119834
