,test_err,train_err
0,0.06417307225458638,0.06200543967728651
