,test_err,train_err
0,0.035650992479026776,0.024194311355778538
