,test_err,train_err
0,0.05772517975333194,0.055680262548813766
