,test_err,train_err
0,0.0454955134087908,0.041649885733511686
