,test_err,train_err
0,0.03490724346784827,0.026272313455273814
