,test_err,train_err
0,0.06988252415609023,0.06753930738151899
