,test_err,train_err
0,0.036479722423863256,0.03606113681197869
