,test_err,train_err
0,0.06940485464572117,0.060280607679494884
