,test_err,train_err
0,0.06175616569627417,0.07382223595871891
