,test_err,train_err
0,0.06712394402963894,0.05468497684878131
