,test_err,train_err
0,0.06925727400061711,0.07539859203006999
