,test_err,train_err
0,0.04904065280011512,0.06807120426396883
