,test_err,train_err
0,0.045654054064079255,0.03428935663130855
