,test_err,train_err
0,0.04589861365189699,0.059301031146058794
