,test_err,train_err
0,0.06538987414585574,0.06539629441030916
