,test_err,train_err
0,0.08666351557150709,0.10157953911466375
