,test_err,train_err
0,0.06071085454939835,0.05605784836214015
