,test_err,train_err
0,0.04941272948301688,0.07938580892793619
