,test_err,train_err
0,0.12868557387629218,0.09448503994616171
