,test_err,train_err
0,0.20349516521625333,0.12237321749937821
