,test_err,train_err
0,0.138892158591461,0.13322432447013133
