,test_err,train_err
0,0.1324286392674436,0.09276560440814101
