,test_err,train_err
0,0.15118021532247355,0.13370420071655964
