,test_err,train_err
0,0.23226817072824682,0.052695116185768304
