,test_err,train_err
0,0.13472677695581503,0.11387740200942092
