,test_err,train_err
0,0.14774310826059434,0.10826647048231818
