,test_err,train_err
0,0.24445316608869933,0.05259565116748508
