,test_err,train_err
0,0.12502801305213887,0.0630285173681673
