,test_err,train_err
0,0.2290531853909759,0.053431925052168934
