,test_err,train_err
0,0.20810089789114924,0.03439018061350102
