,test_err,train_err
0,0.2074988010583678,0.0633028663561068
