,test_err,train_err
0,0.17613245097335442,0.0732447175123154
