,test_err,train_err
0,0.1946850349187518,0.05040017700781031
