,test_err,train_err
0,0.2123891891169332,0.049831900953631554
