,test_err,train_err
0,0.19534109103084182,0.034817389965581404
