,test_err,train_err
0,0.2174852377505489,0.04454607722102624
