,test_err,train_err
0,0.21869240127285247,0.05073944745807863
