,test_err,train_err
0,0.18539936542312746,0.05829314436902739
