,test_err,train_err
0,0.0251754496251998,0.0252986794451518
