,test_err,train_err
0,0.03600459727523251,0.03448999179016849
