,test_err,train_err
0,0.02012804854365885,0.019889772053721225
