,test_err,train_err
0,0.019442997371004373,0.019494278436883332
