,test_err,train_err
0,0.013082499054832317,0.012249417320256377
