,test_err,train_err
0,0.034879067485368224,0.03533614476420327
