,test_err,train_err
0,0.008876022423917366,0.008961985727020522
