,test_err,train_err
0,0.024434476863519232,0.025362353512440605
