,test_err,train_err
0,0.021979772076917103,0.02254196690564027
