,test_err,train_err
0,0.017254694633904704,0.016687542735646654
