,test_err,train_err
0,0.07420720630819468,0.05448120897976343
