,test_err,train_err
0,0.08861426635958343,0.08943965782655933
