,test_err,train_err
0,0.09638100498790232,0.06023688868889075
