,test_err,train_err
0,0.08388699517634063,0.0834191239273873
