,test_err,train_err
0,0.08183601245206523,0.09403341693100024
