,test_err,train_err
0,0.11057362741796642,0.08822966422535457
