,test_err,train_err
0,0.11701662363218324,0.13698747427350583
