,test_err,train_err
0,0.12612254068381684,0.12006259028143611
