,test_err,train_err
0,0.11677712996541252,0.1201856974941097
