,test_err,train_err
0,0.1321362786712034,0.10518938041661993
