,test_err,train_err
0,0.18216163436881602,0.16929896945534992
