,test_err,train_err
0,0.24608666045813232,0.24744549804534374
