,test_err,train_err
0,0.21442037115569035,0.2165969603830762
