,test_err,train_err
0,0.17425626748453263,0.17673679873108888
