,test_err,train_err
0,0.21403414789597966,0.21160544537178042
