,test_err,train_err
0,0.19814628846105523,0.19644774923799233
