,test_err,train_err
0,0.3056605089235803,0.3070184480508745
