,test_err,train_err
0,0.25093701882530955,0.25042691757489355
