,test_err,train_err
0,0.26215126747112827,0.2624638745787237
