,test_err,train_err
0,0.21666205119073623,0.21767232631162367
