,test_err,train_err
0,0.18482207069083015,0.1847918902241747
