,test_err,train_err
0,0.2084664929392122,0.20697584163230545
