,test_err,train_err
0,0.22365223946859042,0.13998311694573035
