,test_err,train_err
0,0.19525948045101438,0.13714879119984316
