,test_err,train_err
0,0.3648461906231827,0.12176185397832366
