,test_err,train_err
0,0.227376723189678,0.12724650787670633
