,test_err,train_err
0,0.1763152091933495,0.12916347997993424
