,test_err,train_err
0,0.17436881021188252,0.1539968515553563
