,test_err,train_err
0,0.1929604418059124,0.13657332561439878
