,test_err,train_err
0,0.20537127199003266,0.13284030761395965
