,test_err,train_err
0,0.208371295502402,0.15992033589634888
