,test_err,train_err
0,0.17537299186195815,0.13433345937918817
