,test_err,train_err
0,0.16338315257916228,0.1636648426435694
