,test_err,train_err
0,0.028601597423019896,0.03150075162397591
