,test_err,train_err
0,0.0415593207202074,0.04301241148606557
