,test_err,train_err
0,0.19188137727046364,0.19518051346940907
