,test_err,train_err
0,0.17938666852660273,0.17754270739190586
