,test_err,train_err
0,0.03944216296733099,0.03832228180272479
