,test_err,train_err
0,0.08769800515296784,0.08742129170058746
