,test_err,train_err
0,0.030660615052590254,0.02755637627644064
