,test_err,train_err
0,0.036544741684460716,0.03488241880101752
