,test_err,train_err
0,0.03269163966021017,0.03046210597888687
