,test_err,train_err
0,0.05891572280949989,0.10386162011104165
