,test_err,train_err
0,0.12424700896401905,0.08426361629275532
