,test_err,train_err
0,0.09968531959294281,0.09653394063303183
