,test_err,train_err
0,0.15060077347383283,0.15749796038345606
