,test_err,train_err
0,0.11805929622351924,0.0460818958358378
