,test_err,train_err
0,0.04866488017784969,0.03512832747796484
