,test_err,train_err
0,0.07369446659468407,0.055360487028484444
