,test_err,train_err
0,0.10771702647172812,0.11489801701690396
