,test_err,train_err
0,0.12057030420602434,0.09578976043399365
