,test_err,train_err
0,0.07221600041585668,0.05947783681928939
