,test_err,train_err
0,0.12663958883149473,0.1288276108015373
