,test_err,train_err
0,0.09936876900117846,0.09130377895929126
