,test_err,train_err
0,0.15829177195353392,0.12121422306934898
