,test_err,train_err
0,0.12501931895450435,0.05056547764079627
