,test_err,train_err
0,0.16849772426335657,0.04377123754213993
