,test_err,train_err
0,0.13067542101195564,0.05368588626250298
