,test_err,train_err
0,0.07402657805383123,0.13488096792549015
