,test_err,train_err
0,0.10841467645953094,0.11425127762142379
