,test_err,train_err
0,0.15912110113531527,0.01773879802658593
