,test_err,train_err
0,0.0756017589642029,0.04271992039324693
