,avg_test_err,avg_train_err,conv_test_err,conv_train_err,std_test_err,std_train_err 
0,0.029673487342200655,0.02987638589686711,0.8181818181818182,0.8181818181818182,0.0231545699636325,0.02308593356468652
