,avg_test_err,avg_train_err,conv_test_err,conv_train_err,std_test_err,std_train_err 
0,0.11714887663100002,0.11660805014110001,0.5,0.5,0.005430489689942242,0.005376874890705689
