,avg_test_err,avg_train_err,conv_test_err,conv_train_err,std_test_err,std_train_err 
0,0.11885495551254506,0.11880820117393535,0.6,0.6,0.009721539406946167,0.01044886674796879
