,avg_test_err,avg_train_err,conv_test_err,conv_train_err,std_test_err,std_train_err 
0,0.017979995485310003,0.018158570047820004,0.5,0.5,0.004605046200824321,0.004815410486585227
