,test_err,train_err
0,0.08324084278227047,0.07937778472344562
