,test_err,train_err
0,0.019404613822411678,0.019264772194259046
