,test_err,train_err
0,0.018145460442817778,0.018846927950388413
