,test_err,train_err
0,0.009968176365442793,0.01016639399514997
