,test_err,train_err
0,0.03564459101217675,0.03558088728019819
