,test_err,train_err
0,0.009784419485416085,0.008492533449382856
