,test_err,train_err
0,0.011462197404101138,0.011894502874698351
