,test_err,train_err
0,0.007592424315029824,0.008202637419901198
