,test_err,train_err
0,0.02804169463610613,0.02814883178658428
