,test_err,train_err
0,0.032411587061631816,0.03188191821851963
