,test_err,train_err
0,0.0628747306775,0.0636646908499533
