,test_err,train_err
0,0.037976154246071286,0.032714895358222945
