,test_err,train_err
0,0.047754119286952335,0.04554049354148333
