,test_err,train_err
0,0.04710448280237932,0.04660704125343029
