,test_err,train_err
0,0.05725780301163148,0.059122165862456236
