,test_err,train_err
0,0.07320000398158329,0.06066845677407427
