,test_err,train_err
0,0.06738258603563094,0.06362769045789782
