,test_err,train_err
0,0.03244643854523323,0.02421786692369824
