,test_err,train_err
0,0.05615095554819425,0.050422089903693214
