,test_err,train_err
0,0.080244011155826,0.06232243617063792
