,avg_test_err,avg_train_err,conv_test_err,conv_train_err,std_test_err,std_train_err 
0,0.062103539519687966,0.06527537915961878,0.9,0.8,0.04482665696290431,0.04078504522655259
