,avg_test_err,avg_train_err,conv_test_err,conv_train_err,std_test_err,std_train_err 
0,0.19776475875149038,0.05531411434928809,0.5,0.5,0.013007133089226849,0.018364925046541386
