,avg_test_err,avg_train_err,conv_test_err,conv_train_err,std_test_err,std_train_err 
0,0.210556258294721,0.12695440672292588,0.6,0.6,0.032264009087076925,0.01698065871612525
