,avg_test_err,avg_train_err,conv_test_err,conv_train_err,std_test_err,std_train_err 
0,0.17045226632423977,0.1721845185399997,0.6,0.6,0.005848206802819565,0.00810397497999363
