,avg_test_err,avg_train_err,conv_test_err,conv_train_err,std_test_err,std_train_err 
0,0.07077062077856613,0.07199022026454853,0.8,0.8,0.045313901036310784,0.0467358531237933
