,avg_test_err,avg_train_err,conv_test_err,conv_train_err,std_test_err,std_train_err 
0,0.2833177698689068,0.28205374423171625,0.5,0.5,0.023999677799533912,0.022003734116602135
