,avg_test_err,avg_train_err,conv_test_err,conv_train_err,std_test_err,std_train_err 
0,0.2516172915193685,0.2508681079079834,0.5,0.6,0.015071553782849382,0.016938035630541283
