,avg_test_err,avg_train_err,conv_test_err,conv_train_err,std_test_err,std_train_err 
0,0.27201950819980375,0.2701016389415948,0.5,0.5,0.024161177430389875,0.02484081044118931
