,avg_test_err,avg_train_err,conv_test_err,conv_train_err,std_test_err,std_train_err 
0,0.022125762535355448,0.022031213269113253,0.6,0.5,0.008137398400673648,0.008126136402125617
