,avg_test_err,avg_train_err,conv_test_err,conv_train_err,std_test_err,std_train_err 
0,0.14379940918763617,0.10894741089860302,0.5,0.4,0.01033828504094277,0.026037328750972675
