,avg_test_err,avg_train_err,conv_test_err,conv_train_err,std_test_err,std_train_err 
0,0.08417398528523114,0.12352906762514926,0.4,0.4,0.014692883831294027,0.004702959170367776
