,avg_test_err,avg_train_err,conv_test_err,conv_train_err,std_test_err,std_train_err 
0,0.23698652141746712,0.14041255256185456,0.7,0.5,0.11380093488943657,0.012987752111129035
