,test_err,train_err
0,0.17820080011658826,0.17360715837971907
