,test_err,train_err
0,0.1668136196485207,0.18998680179900237
