,test_err,train_err
0,0.17706469213936588,0.17391162678731467
