,test_err,train_err
0,0.16503257366363203,0.1690412954880966
