,test_err,train_err
0,0.16500515379838293,0.16344650007719705
