,test_err,train_err
0,0.16746204656456093,0.18325012321106665
