,test_err,train_err
0,0.1736028528957769,0.16702326243154908
