,test_err,train_err
0,0.16986696816945063,0.17060272471373406
