,test_err,train_err
0,0.16217557874984026,0.16739888109251908
