,test_err,train_err
0,0.17929837749627928,0.1635768114197983
