,avg_test_err,avg_train_err,conv_test_err,conv_train_err,std_test_err,std_train_err 
0,0.22995980573319516,0.22032445995879074,0.5,0.5,0.04442610661789197,0.003401977536974524
