,avg_test_err,avg_train_err,conv_test_err,conv_train_err,std_test_err,std_train_err 
0,0.221806431845084,0.2185989192544519,0.7,0.3,0.02982156073566407,0.003527666540595472
