,avg_test_err,avg_train_err,conv_test_err,conv_train_err,std_test_err,std_train_err 
0,0.1306311297223143,0.12954687224760683,0.6,0.4,0.03167814876164526,0.00396811322127032
