,avg_test_err,avg_train_err,conv_test_err,conv_train_err,std_test_err,std_train_err 
0,0.1382060009908864,0.13541928759499805,0.5,0.5,0.01790837876441185,0.001940886358163313
