,avg_test_err,avg_train_err,conv_test_err,conv_train_err,std_test_err,std_train_err 
0,0.1256377000424912,0.11050004348278648,0.4,0.8,0.0439597382039647,0.010065462808276231
