,avg_test_err,avg_train_err,conv_test_err,conv_train_err,std_test_err,std_train_err 
0,0.15516579373345052,0.15284210535137055,0.4,0.6,0.03806588257882348,0.004297312307346854
