,avg_test_err,avg_train_err,conv_test_err,conv_train_err,std_test_err,std_train_err 
0,0.20422664685099717,0.20300906226728718,0.8,0.9,0.0050731526143188415,0.004112497842521454
