,avg_test_err,avg_train_err,conv_test_err,conv_train_err,std_test_err,std_train_err 
0,0.15155587469167045,0.14843322432579742,0.7,0.3,0.016620378521003742,0.0015448790842599153
