,avg_test_err,avg_train_err,conv_test_err,conv_train_err,std_test_err,std_train_err 
0,0.16915016997177051,0.17211932876573516,0.6,0.6,0.008574954783377175,0.004738409030558475
