,avg_test_err,avg_train_err,conv_test_err,conv_train_err,std_test_err,std_train_err 
0,0.0130843332061386,0.01216623436184366,0.6,0.5,0.010466338564120338,0.009004706636518568
