,avg_test_err,avg_train_err,conv_test_err,conv_train_err,std_test_err,std_train_err 
0,0.024285554820469058,0.024525042888285418,0.3,0.5,0.005021381331559376,0.005120029930955139
