,avg_test_err,avg_train_err,conv_test_err,conv_train_err,std_test_err,std_train_err 
0,0.11102795553565392,0.11086015852212136,0.3,0.3,0.022338154844908392,0.022025450830724956
