,avg_test_err,avg_train_err,conv_test_err,conv_train_err,std_test_err,std_train_err 
0,0.12274577861202254,0.12242083420678262,0.6,0.5,0.005434189789216584,0.005726702134093149
