,avg_test_err,avg_train_err,conv_test_err,conv_train_err,std_test_err,std_train_err 
0,0.060090767799239955,0.06679868876939556,0.4,0.5,0.012315849139997241,0.01694165551683902
