,avg_test_err,avg_train_err,conv_test_err,conv_train_err,std_test_err,std_train_err 
0,0.12437807874339649,0.12344522851944043,0.7,0.7,0.01677927846646243,0.017316407418675506
