,avg_test_err,avg_train_err,conv_test_err,conv_train_err,std_test_err,std_train_err 
0,0.20447776548269028,0.051299782650924775,0.4,0.6,0.015514072427433977,0.011338437780815093
