,avg_test_err,avg_train_err,conv_test_err,conv_train_err,std_test_err,std_train_err 
0,0.2565952468365824,0.2441911484945849,0.6,0.4,0.030691905387644387,0.027405353242835412
