,avg_test_err,avg_train_err,conv_test_err,conv_train_err,std_test_err,std_train_err 
0,0.10275516856546685,0.09522651030446272,0.5,0.6,0.019286308088393087,0.024881244640568984
