,avg_test_err,avg_train_err,conv_test_err,conv_train_err,std_test_err,std_train_err 
0,0.02502628739426794,0.025197924839291137,0.6,0.6,0.01073671770374701,0.00983544930318957
