,avg_test_err,avg_train_err,conv_test_err,conv_train_err,std_test_err,std_train_err 
0,0.17405784213484485,0.07598006805821338,0.6666666666666666,0.6333333333333333,0.07896963224983629,0.03456876281577668
