,avg_test_err,avg_train_err,conv_test_err,conv_train_err,std_test_err,std_train_err 
0,0.11000137537794304,0.08239263201375613,0.5,0.45,0.033872380893341505,0.03804269094706028
