,avg_test_err,avg_train_err,conv_test_err,conv_train_err,std_test_err,std_train_err 
0,0.16769050331188567,0.17238158238496387,0.5,0.7,0.007130460365095569,0.006808726948430118
