,avg_test_err,avg_train_err,conv_test_err,conv_train_err,std_test_err,std_train_err 
0,0.19198928927837308,0.15750137576550194,0.4,0.5,0.03135799309834017,0.012123431320466732
