,avg_test_err,avg_train_err,conv_test_err,conv_train_err,std_test_err,std_train_err 
0,0.11957370545405883,0.12090981107094427,0.4,0.5,0.03762096731397362,0.03307265268548593
