,avg_test_err,avg_train_err,conv_test_err,conv_train_err,std_test_err,std_train_err 
0,0.1638900987359418,0.09670155442535316,0.7,0.5,0.0428621468597523,0.02971039421696353
