,avg_test_err,avg_train_err,conv_test_err,conv_train_err,std_test_err,std_train_err 
0,0.21438946542980028,0.13729680300397895,0.7,0.7,0.05329914315032324,0.011115814163433314
