,test_err,train_err
0,0.23648238620940448,0.2500470829667905
