,test_err,train_err
0,0.24365825731100416,0.2591345966628254
