,test_err,train_err
0,0.31223075660665495,0.2873411031723885
