,test_err,train_err
0,0.22649852168292892,0.23761587049203112
