,test_err,train_err
0,0.2474874885222282,0.225311539531163
