,test_err,train_err
0,0.29746690004585014,0.28011655411471414
