,test_err,train_err
0,0.28031424841025754,0.25060817373376926
