,test_err,train_err
0,0.22050371586093026,0.24860476398717252
