,test_err,train_err
0,0.27471451482067727,0.19980150646968833
