,test_err,train_err
0,0.2265956788958884,0.20333029381530618
