,test_err,train_err
0,0.1544761383695742,0.16020976744329724
