,test_err,train_err
0,0.1648277328303211,0.16858300696476974
