,test_err,train_err
0,0.16487634887563113,0.17200121478699146
