,test_err,train_err
0,0.16908423055658475,0.16999857028774557
