,test_err,train_err
0,0.17448786998623303,0.17550869694939536
