,test_err,train_err
0,0.1813302587164306,0.18894140320019798
