,test_err,train_err
0,0.169439497651642,0.17163573304808732
