,test_err,train_err
0,0.17299733471067563,0.17491828950786634
