,test_err,train_err
0,0.16161221154044544,0.17146751712542507
