,test_err,train_err
0,0.16377340988131875,0.17055162453586267
