,test_err,train_err
0,0.24727197502563614,0.24876816528381
