,test_err,train_err
0,0.2865266177058801,0.2834323051217966
