,test_err,train_err
0,0.2828805014186223,0.28138782998326123
