,test_err,train_err
0,0.299246557561954,0.2972682225560691
