,test_err,train_err
0,0.3026815627808511,0.3004883275503894
