,test_err,train_err
0,0.3102313625218902,0.3126127988607116
