,test_err,train_err
0,0.3207548987500393,0.3108721071839611
