,test_err,train_err
0,0.2629409564344632,0.2638196755440275
