,test_err,train_err
0,0.2708723712315528,0.2702170306509553
