,test_err,train_err
0,0.2497708952581785,0.25167097958218027
