,test_err,train_err
0,0.11069597524995932,0.10746629541455813
