,test_err,train_err
0,0.11956287439901628,0.11688459587695829
