,test_err,train_err
0,0.12359808434321173,0.1197410350696765
