,test_err,train_err
0,0.1138406633562002,0.11138872615412204
