,test_err,train_err
0,0.11043986417538643,0.11069442309815848
