,test_err,train_err
0,0.10655966051162133,0.10852689819274858
