,test_err,train_err
0,0.14631074067051447,0.14708680966208748
