,test_err,train_err
0,0.11214134970934778,0.11176724046100742
