,test_err,train_err
0,0.1519485264685017,0.151538618815165
