,test_err,train_err
0,0.1486830485502057,0.14935764244992222
