,test_err,train_err
0,0.0619657664235851,0.05981716178926594
