,test_err,train_err
0,0.03562235618987969,0.03675543852033729
