,test_err,train_err
0,0.066536353840213,0.06478950126477234
