,test_err,train_err
0,0.11285625682144072,0.11517210850267753
