,test_err,train_err
0,0.1886110119790385,0.19402243482359535
