,test_err,train_err
0,0.04087628635404001,0.041674217870642016
