,test_err,train_err
0,0.03501766299159581,0.03499152265973534
