,test_err,train_err
0,0.06671019711202429,0.06602650251757482
