,test_err,train_err
0,0.03437089462405317,0.03566097674505929
