,test_err,train_err
0,0.06513942144979108,0.07099233795182552
